태양광명,호기,년월일,1,2,3,4,5,6,7,8,9,10,11,12,13,14,15,16,17,18,19,20,21,22,23,24
위미2리,1,2020-04-08,0,0,0,0,0,0,14.463,114.982,282.755,458.482,612.515,702.186,731.836,697.847,655.181,525.736,354.347,156.202,26.034,0,0,0,0,0
위미2리,1,2020-04-09,0,0,0,0,0,0,15.909,120.044,302.28,513.442,665.305,768.717,767.994,769.44,692.062,572.018,390.505,169.942,28.203,0,0,0,0,0
위미2리,1,2020-04-10,0,0,0,0,0,0,17.356,104.858,161.987,233.58,391.228,253.828,515.612,378.212,368.811,311.681,224.902,123.66,15.909,0,0,0,0,0
위미2리,1,2020-04-11,0,0,0,0,0,0,15.909,72.316,141.739,239.365,161.987,83.886,117.152,130.168,49.898,18.802,21.695,2.893,0,0,0,0,0,0
위미2리,1,2020-04-12,0,0,0,0,0,0,1.446,87.502,111.366,175.727,283.478,498.256,679.768,407.861,226.348,143.185,62.915,52.067,8.678,0,0,0,0,0
위미2리,1,2020-04-13,0,0,0,0,0,0,19.525,150.417,386.889,491.024,762.932,825.123,901.055,896.716,791.858,295.048,94.011,49.898,47.728,0,0,0,0,0
위미2리,1,2020-04-14,0,0,0,0,0,0,19.525,161.264,397.014,596.605,723.158,790.412,794.027,744.129,722.435,608.899,344.946,98.349,20.248,0,0,0,0,0
위미2리,1,2020-04-15,0,0,0,0,0,0,13.017,117.875,236.473,538.753,479.454,574.911,497.533,559.001,673.983,538.753,266.845,133.061,31.096,0,0,0,0,0
위미2리,1,2020-04-16,0,0,0,0,0,0,23.864,154.756,375.319,561.894,702.909,726.051,802.705,857.665,731.836,536.583,394.121,144.632,25.311,0,0,0,0,0
위미2리,1,2020-04-17,0,0,0,0,0,0,2.169,17.356,53.514,65.807,19.525,6.508,5.062,5.785,4.339,54.237,169.219,164.88,39.051,0,0,0,0,0
위미2리,1,2020-04-18,0,0,0,0,0,0,26.757,166.326,389.782,590.82,729.666,770.163,816.445,773.779,713.034,585.035,419.432,183.682,35.435,0,0,0,0,0
위미2리,1,2020-04-19,0,0,0,0,0,0,0,5.785,8.678,34.712,57.853,44.113,34.712,36.881,26.757,19.525,6.508,1.446,0,0,0,0,0,0
위미2리,1,2020-04-20,0,0,0,0,0,0,31.096,141.739,369.534,543.815,726.051,681.215,627.701,710.141,704.356,582.142,386.166,170.665,28.203,0,0,0,0,0
위미2리,1,2020-04-21,0,0,0,0,0,0,0,28.203,132.338,222.733,436.064,452.697,674.706,862.727,563.34,637.825,281.308,151.14,33.265,0,0,0,0,0
위미2리,1,2020-04-22,0,0,0,0,0,0,23.864,154.756,322.528,621.916,774.502,838.14,859.835,828.739,758.593,603.837,433.895,222.009,41.22,0,0,0,0,0
위미2리,1,2020-04-23,0,0,0,0,0,0,20.972,85.333,371.703,632.763,816.445,895.993,910.456,828.739,778.118,639.272,456.313,222.009,43.389,0.723,0,0,0,0
위미2리,1,2020-04-24,0,0,0,0,0,0,28.926,180.789,404.968,610.345,737.621,795.474,832.355,810.66,759.316,629.871,457.759,221.286,43.389,0,0,0,0,0
위미2리,1,2020-04-25,0,0,0,0,0,0,31.819,156.925,359.409,544.538,693.508,778.841,826.569,672.537,669.644,603.837,431.002,208.269,40.497,0,0,0,0,0
위미2리,1,2020-04-26,0,0,0,0,0,0,39.051,152.586,335.545,523.566,606.006,679.045,728.22,769.44,702.909,582.865,411.477,189.467,41.22,0,0,0,0,0
위미2리,1,2020-04-27,0,0,0,0,0,0,31.819,171.388,398.46,598.775,723.158,812.829,706.525,773.056,695.678,575.634,356.517,175.727,33.265,0,0,0,0,0
위미2리,1,2020-04-28,0,0,0,0,0,0,33.988,175.004,397.737,590.097,707.248,776.672,801.982,785.349,722.435,603.837,431.725,202.484,44.113,0.723,0,0,0,0
위미2리,1,2020-04-29,0,0,0,0,0,0,31.819,175.727,396.291,586.481,706.525,766.547,789.688,764.378,718.819,619.746,441.849,211.885,45.559,0,0,0,0,0
위미2리,1,2020-04-30,0,0,0,0,0,0,37.604,172.112,341.331,572.018,430.279,339.161,449.804,290.709,95.457,74.485,78.824,48.452,17.356,0,0,0,0,0
위미2리,1,2020-05-01,0,0,0,0,0,0,46.282,190.914,386.889,555.385,702.186,745.576,692.062,768.717,683.384,513.442,405.692,126.553,30.373,0,0,0,0,0
위미2리,1,2020-05-02,0,0,0,0,0,0,10.847,67.254,67.977,105.581,171.388,237.196,218.394,229.964,105.581,107.027,72.316,31.819,2.893,0,0,0,0,0
위미2리,1,2020-05-03,0,0,0,0,0,0,0.723,2.893,5.785,15.186,99.796,336.992,364.472,216.947,114.259,321.082,391.228,96.18,7.955,0,0,0,0,0
위미2리,1,2020-05-04,0,0,0,0,0,0,41.22,139.569,293.602,529.352,602.391,735.452,710.864,694.955,633.486,540.922,377.488,184.405,45.559,0,0,0,0,0
위미2리,1,2020-05-05,0,0,0,0,0,0,36.881,98.349,195.976,520.674,623.362,666.028,526.459,305.896,173.558,120.767,60.022,42.666,12.294,0,0,0,0,0
위미2리,1,2020-05-06,0,0,0,0,0,0.723,39.774,167.049,379.658,569.125,674.706,753.531,831.632,815.722,734.728,613.238,439.68,225.625,46.282,0.723,0,0,0,0
위미2리,1,2020-05-07,0,0,0,0,0,0,37.604,174.281,403.522,587.927,716.649,820.784,890.931,841.033,781.734,637.102,451.974,223.456,41.22,0,0,0,0,0
위미2리,1,2020-05-08,0,0,0,0,0,0.723,29.649,76.655,116.428,84.609,164.157,174.281,237.919,446.188,428.833,370.98,193.083,85.333,14.463,0,0,0,0,0
위미2리,1,2020-05-09,0,0,0,0,0,0,0.723,27.48,126.553,65.807,38.327,56.406,88.948,93.287,205.377,274.8,349.285,214.055,39.774,0,0,0,0,0
위미2리,1,2020-05-10,0,0,0,0,0,1.446,52.791,138.846,106.304,120.044,228.518,86.779,87.502,81.717,100.519,193.083,222.733,120.044,33.265,0.723,0,0,0,0
위미2리,1,2020-05-11,0,0,0,0,0,0.723,35.435,174.281,407.138,566.956,665.305,733.282,783.903,781.011,719.542,598.775,407.861,216.947,49.175,0.723,0,0,0,0
위미2리,1,2020-05-12,0,0,0,0,0,1.446,41.22,182.959,414.369,585.035,671.091,756.423,833.078,809.937,741.96,592.266,402.799,176.451,45.559,0.723,0,0,0,0
위미2리,1,2020-05-13,0,0,0,0,0,1.446,36.881,193.083,423.771,596.605,702.186,752.807,769.44,789.688,742.683,603.114,429.556,219.117,45.559,2.169,0,0,0,0
위미2리,1,2020-05-14,0,0,0,0,0,2.893,68.7,173.558,351.455,496.086,654.458,658.797,451.974,345.669,451.974,312.404,177.174,179.343,54.96,0,0,0,0,0
위미2리,1,2020-05-15,0,0,0,0,0,0,0,0,2.169,7.232,15.186,23.864,46.282,377.488,563.34,402.076,234.303,166.326,65.807,0,0,0,0,0
위미2리,1,2020-05-16,0,0,0,0,0,0,5.785,68.7,57.129,182.959,446.912,276.969,227.795,99.796,91.841,76.655,205.377,73.039,10.124,0,0,0,0,0
위미2리,1,2020-05-17,0,0,0,0,0,2.169,59.299,167.773,263.953,316.743,571.295,655.181,690.616,672.537,596.605,537.306,303.003,138.846,49.898,6.508,0,0,0,0
위미2리,1,2020-05-18,0,0,0,0,0,0,21.695,49.175,28.926,46.282,123.66,132.338,164.157,223.456,112.089,77.378,66.531,49.898,10.124,0.723,0,0,0,0
위미2리,1,2020-05-19,0,0,0,0,0,1.446,37.604,193.083,386.166,539.476,499.702,579.973,381.104,183.682,520.674,624.808,446.912,229.964,46.282,2.893,0,0,0,0
위미2리,1,2020-05-20,0,0,0,0,0,2.169,41.943,170.665,407.861,600.221,701.463,755.7,785.349,738.344,660.243,592.266,434.618,233.58,54.237,0.723,0,0,0,0
위미2리,1,2020-05-21,0,0,0,0,0,2.893,48.452,175.004,423.047,548.154,522.12,484.516,497.533,489.578,397.014,190.914,122.214,47.005,26.034,0,0,0,0,0
위미2리,1,2020-05-22,0,0,0,0,0,2.893,51.344,110.643,177.174,369.534,325.421,553.216,569.125,595.159,552.493,472.945,276.969,216.947,73.762,4.339,0,0,0,0
위미2리,1,2020-05-23,0,0,0,0,0,1.446,46.282,128.722,195.976,318.913,605.283,731.836,707.972,730.389,584.312,384.72,339.884,232.134,60.022,3.616,0,0,0,0
위미2리,1,2020-05-24,0,0,0,0,0,1.446,37.604,177.897,392.675,468.606,592.266,506.934,757.869,718.819,662.413,389.782,242.258,95.457,58.576,1.446,0,0,0,0
위미2리,1,2020-05-25,0,0,0,0,0,0.723,15.909,72.316,67.254,63.638,147.524,180.066,117.152,221.286,242.981,138.123,67.977,64.361,38.327,0.723,0,0,0,0
위미2리,1,2020-05-26,0,0,0,0,0,0,23.864,62.192,85.333,151.863,135.954,128.722,143.185,180.789,188.021,463.544,436.787,219.117,57.129,6.508,0,0,0,0
위미2리,1,2020-05-27,0,0,0,0,0,5.785,52.791,191.637,380.381,525.013,715.203,814.276,780.287,634.209,543.815,515.612,389.059,154.756,72.316,7.955,0,0,0,0
위미2리,1,2020-05-28,0,0,0,0,0,7.955,53.514,122.214,137.4,486.685,645.057,660.243,702.909,658.797,576.357,534.414,375.319,227.795,79.547,5.062,0,0,0,0
위미2리,1,2020-05-29,0,0,0,0,0,4.339,52.067,172.835,378.935,523.566,621.916,626.255,590.82,391.952,530.798,472.222,295.048,146.078,41.943,2.169,0,0,0,0
위미2리,1,2020-05-30,0,0,0,0,0,0,22.418,51.344,107.027,171.388,273.354,336.268,177.897,165.603,142.462,186.575,101.242,46.282,6.508,0,0,0,0,0
위미2리,1,2020-05-31,0,0,0,0,0,0,0.723,19.525,41.943,44.836,88.225,119.321,132.338,137.4,93.287,77.378,52.067,23.864,7.232,0,0,0,0,0
위미2리,1,2020-06-01,0,0,0,0,0,0,28.926,73.039,170.665,347.116,461.375,530.075,351.455,613.238,611.792,550.323,373.873,203.207,64.361,5.785,0,0,0,0
위미2리,1,2020-06-02,0,0,0,0,0,5.062,68.7,209.716,389.782,559.724,632.04,720.988,747.022,726.774,696.401,557.555,415.816,206.1,57.129,5.785,0,0,0,0
위미2리,1,2020-06-03,0,0,0,0,0,0,8.678,23.141,67.977,83.886,84.609,170.665,359.409,213.332,217.671,230.687,134.507,36.158,2.893,0,0,0,0,0
위미2리,1,2020-06-04,0,0,0,0,0,3.616,58.576,148.247,320.359,478.731,525.736,657.351,587.204,540.922,467.16,400.629,296.495,195.253,61.468,7.955,0,0,0,0
위미2리,1,2020-06-05,0,0,0,0,0,5.785,65.807,157.648,304.449,472.222,406.415,324.698,329.76,269.015,256.721,284.924,306.619,161.987,44.113,2.169,0,0,0,0
위미2리,1,2020-06-06,0,0,0,0,0,0,20.972,90.395,198.145,160.541,154.756,501.872,606.006,603.114,504.764,473.668,331.929,157.648,70.146,10.847,0,0,0,0
위미2리,1,2020-06-07,0,0,0,0,0,2.893,54.237,151.14,310.958,493.194,610.345,707.248,747.745,749.915,671.814,553.216,382.551,199.592,66.531,5.785,0,0,0,0
위미2리,1,2020-06-08,0,0,0,0,0,6.508,52.067,167.049,380.381,530.075,649.396,736.175,762.932,728.22,678.322,580.696,407.861,216.224,65.084,6.508,0,0,0,0
위미2리,1,2020-06-09,0,0,0,0,0,4.339,39.051,72.316,94.734,245.874,475.115,319.636,257.444,200.315,143.185,79.547,54.237,33.988,15.909,0,0,0,0,0
위미2리,1,2020-06-10,0,0,0,0,0,6.508,39.051,171.388,346.393,281.308,213.332,91.841,133.061,154.756,83.886,28.926,13.017,10.847,2.169,0.723,0,0,0,0
위미2리,1,2020-06-11,0,0,0,0,0,3.616,53.514,146.078,219.117,355.794,557.555,478.731,398.46,155.479,85.333,54.237,108.474,63.638,16.633,0.723,0,0,0,0
위미2리,1,2020-06-12,0,0,0,0,0,1.446,24.587,112.813,240.088,500.425,656.627,357.24,91.841,87.502,89.672,68.7,49.898,36.158,5.785,0,0,0,0,0
위미2리,1,2020-06-13,0,0,0,0,0,0,0,1.446,2.169,1.446,15.186,44.113,154.756,107.751,138.846,231.411,117.875,61.468,12.294,0,0,0,0,0
위미2리,1,2020-06-14,0,0,0,0,0,0,2.893,4.339,24.587,41.22,31.096,39.051,146.801,191.637,168.496,125.106,128.722,67.254,32.542,6.508,0,0,0,0
위미2리,1,2020-06-15,0,0,0,0,0,0,6.508,49.898,305.173,323.975,316.743,315.297,408.584,612.515,643.611,329.76,207.546,116.428,45.559,10.124,0,0,0,0
위미2리,1,2020-06-16,0,0,0,0,0,1.446,53.514,148.971,357.963,509.826,611.792,707.972,750.638,684.831,540.922,524.289,282.755,91.118,39.774,4.339,0,0,0,0
위미2리,1,2020-06-17,0,0,0,0,0,3.616,39.774,78.101,240.088,168.496,139.569,141.739,144.632,172.835,173.558,0,0,0,0,0,0,0,0,0
위미2리,1,2020-06-18,0,0,0,0,0,0,0,5.062,15.186,32.542,31.819,47.005,86.779,49.175,28.926,18.079,18.079,7.955,15.909,0,0,0,0,0
위미2리,1,2020-06-19,0,0,0,0,0,5.785,26.034,141.016,315.297,384.72,554.662,511.273,308.065,338.438,465.714,381.104,330.483,175.727,69.423,10.124,0,0,0,0
위미2리,1,2020-06-20,0,0,0,0,0,0.723,32.542,106.304,292.879,500.425,621.193,671.091,609.622,548.154,541.645,376.042,315.297,192.36,78.824,8.678,0,0,0,0
위미2리,1,2020-06-21,0,0,0,0,0,0.723,28.203,121.491,264.676,337.715,453.42,669.644,787.519,793.304,676.876,547.431,312.404,124.383,83.886,9.401,0,0,0,0
위미2리,1,2020-06-22,0,0,0,0,0,3.616,33.988,138.846,350.008,533.691,636.379,745.576,793.304,771.609,707.248,595.159,420.155,229.241,62.192,7.955,0,0,0,0
위미2리,1,2020-06-23,0,0,0,0,0,4.339,68.7,156.202,330.483,357.24,509.103,655.181,687,710.864,575.634,442.573,259.614,112.813,44.113,7.955,0,0,0,0
위미2리,1,2020-06-24,0,0,0,0,0,0,15.186,43.389,32.542,12.294,4.339,2.169,5.062,1.446,10.124,0,3.616,8.678,27.48,1.446,0,0,0,0
위미2리,1,2020-06-25,0,0,0,0,0,0,1.446,39.774,33.265,57.129,182.236,141.016,160.541,156.925,47.728,70.869,111.366,78.824,30.373,3.616,0,0,0,0
위미2리,1,2020-06-26,0,0,0,0,0,2.169,37.604,165.603,289.986,336.268,569.848,668.198,702.186,389.059,416.539,159.095,106.304,118.598,42.666,7.955,0,0,0,0
위미2리,1,2020-06-27,0,0,0,0,0,0,18.802,57.853,248.766,458.482,454.866,258.167,316.02,412.2,203.931,60.022,62.915,28.203,27.48,5.062,0,0,0,0
위미2리,1,2020-06-28,0,0,0,0,0,2.893,60.022,136.677,234.303,415.093,522.12,684.831,695.678,430.279,283.478,305.896,219.84,164.88,93.287,15.909,0,0,0,0
위미2리,1,2020-06-29,0,0,0,0,0,0,7.955,27.48,26.757,33.988,45.559,33.988,16.633,33.988,54.96,46.282,23.864,8.678,0.723,0.723,0,0,0,0
위미2리,1,2020-06-30,0,0,0,0,0,2.169,32.542,183.682,371.703,537.306,644.334,759.316,792.581,761.485,658.074,590.82,440.403,244.427,73.039,7.955,0,0,0,0
위미2리,1,2020-07-01,0,0,0,0,0,3.616,33.265,146.078,294.325,318.189,559.001,729.666,751.361,709.418,700.017,598.775,431.725,224.902,70.146,5.785,0,0,0,0
위미2리,1,2020-07-02,0,0,0,0,0,6.508,35.435,130.168,191.637,376.765,467.883,515.612,391.952,334.099,336.268,227.072,165.603,125.106,48.452,5.062,0,0,0,0
위미2리,1,2020-07-03,0,0,0,0,0,0.723,12.294,33.265,39.774,52.067,39.774,55.683,94.011,69.423,65.084,47.005,14.463,3.616,0,0,0,0,0,0
위미2리,1,2020-07-04,0,0,0,0,0,0,10.124,70.146,137.4,255.998,161.264,136.677,180.066,203.931,93.287,101.242,67.977,29.649,9.401,0.723,0,0,0,0
위미2리,1,2020-07-05,0,0,0,0,0,0,19.525,75.932,120.044,164.157,276.246,300.834,216.947,231.411,203.931,190.914,99.073,66.531,28.203,1.446,0,0,0,0
위미2리,1,2020-07-06,0,0,0,0,0,0,0,44.113,67.977,168.496,52.067,88.948,99.073,198.868,161.987,68.7,57.129,70.146,52.791,0.723,0,0,0,0
위미2리,1,2020-07-07,0,0,0,0,0,0,3.616,58.576,211.162,261.06,93.287,42.666,64.361,37.604,52.067,44.836,20.248,33.265,70.869,2.893,0,0,0,0
위미2리,1,2020-07-08,0,0,0,0,0,0.723,47.728,88.948,120.044,329.037,600.944,642.887,728.22,734.728,637.825,570.572,390.505,242.981,62.915,5.785,0,0,0,0
위미2리,1,2020-07-09,0,0,0,0,0,0.723,27.48,88.225,114.259,256.721,433.172,487.408,618.3,366.641,537.306,408.584,162.711,51.344,20.248,0,0,0,0,0
위미2리,1,2020-07-10,0,0,0,0,0,0,0,4.339,81.717,361.579,619.023,640.718,771.609,759.316,704.356,595.882,443.296,234.303,43.389,3.616,0,0,0,0
위미2리,1,2020-07-11,0,0,0,0,0,0.723,30.373,125.106,159.095,195.253,279.139,172.112,214.778,197.422,269.738,410.031,214.778,127.276,55.683,4.339,0,0,0,0
위미2리,1,2020-07-12,0,0,0,0,0,0,0.723,8.678,15.186,28.926,31.096,34.712,26.034,21.695,22.418,23.864,9.401,3.616,0.723,0,0,0,0,0
위미2리,1,2020-07-13,0,0,0,0,0,0,0,0,15.909,17.356,27.48,28.203,240.812,186.575,180.789,154.756,85.333,164.88,127.276,11.571,0,0,0,0
위미2리,1,2020-07-14,0,0,0,0,0,2.893,51.344,117.152,255.275,347.116,385.443,501.872,483.793,365.195,391.952,530.075,459.928,171.388,47.005,4.339,0,0,0,0
위미2리,1,2020-07-15,0,0,0,0,0,0.723,28.926,62.915,108.474,226.348,324.698,253.828,430.279,320.359,424.494,458.482,228.518,201.761,79.547,20.248,0,0,0,0
위미2리,1,2020-07-16,0,0,0,0,0,2.169,34.712,125.829,353.624,415.816,522.843,650.842,500.425,563.34,586.481,550.323,459.205,199.592,66.531,5.785,0,0,0,0
위미2리,1,2020-07-17,0,0,0,0,0,1.446,33.988,135.231,347.839,507.657,659.52,658.797,767.271,793.304,738.344,615.407,450.527,213.332,78.101,10.847,0,0,0,0
위미2리,1,2020-07-18,0,0,0,0,0,0,10.847,52.791,87.502,156.925,141.016,118.598,207.546,269.015,110.643,45.559,39.051,28.203,7.955,0,0,0,0,0
위미2리,1,2020-07-19,0,0,0,0,0,0,4.339,26.034,41.943,43.389,57.129,72.316,79.547,146.801,195.253,156.202,73.039,21.695,5.062,0,0,0,0,0
위미2리,1,2020-07-20,0,0,0,0,0,0,0,10.124,29.649,144.632,266.845,219.117,172.835,258.891,365.195,297.218,116.428,85.333,32.542,1.446,0,0,0,0
위미2리,1,2020-07-21,0,0,0,0,0,0,10.847,39.051,54.96,72.316,117.152,109.92,88.225,155.479,155.479,123.66,62.915,74.485,22.418,0,0,0,0,0
위미2리,1,2020-07-22,0,0,0,0,0,0,15.909,110.643,200.315,379.658,580.696,638.548,545.984,357.963,417.985,161.264,102.688,105.581,12.294,2.893,0,0,0,0
위미2리,1,2020-07-23,0,0,0,0,0,0,0.723,9.401,11.571,33.265,31.096,40.497,24.587,36.158,28.926,15.186,13.74,11.571,0,0,0,0,0,0
위미2리,1,2020-07-24,0,0,0,0,0,0,27.48,104.135,276.969,416.539,559.001,700.017,690.616,707.972,724.604,659.52,491.747,260.337,47.005,5.062,0,0,0,0
위미2리,1,2020-07-25,0,0,0,0,0,0,15.186,81.717,112.089,206.823,343.5,723.158,576.357,617.577,368.087,355.071,322.528,242.981,62.192,3.616,0,0,0,0
위미2리,1,2020-07-26,0,0,0,0,0,0,30.373,140.293,324.698,407.861,546.707,684.107,774.502,757.869,702.186,409.307,295.048,137.4,55.683,4.339,0,0,0,0
위미2리,1,2020-07-27,0,0,0,0,0,0,7.955,31.096,38.327,54.237,94.734,63.638,69.423,26.757,2.893,6.508,12.294,8.678,5.062,0,0,0,0,0
위미2리,1,2020-07-28,0,0,0,0,0,0,1.446,15.186,29.649,77.378,73.762,94.734,117.875,168.496,287.817,215.501,133.784,76.655,15.909,0,0,0,0,0
위미2리,1,2020-07-29,0,0,0,0,0,0,28.203,48.452,102.688,183.682,341.331,417.262,397.737,455.589,404.968,355.794,229.241,97.626,6.508,0.723,0,0,0,0
위미2리,1,2020-07-30,0,0,0,0,0,0,38.327,160.541,373.873,429.556,624.085,679.768,602.391,125.829,289.986,271.184,313.127,208.269,31.096,2.169,0,0,0,0
위미2리,1,2020-07-31,0,0,0,0,0,0,29.649,156.202,259.614,372.426,410.754,519.227,660.243,639.995,617.577,446.188,292.156,124.383,65.084,4.339,0,0,0,0
위미2리,1,2020-08-01,0,0,0,0,0,0,27.48,143.185,225.625,346.393,405.692,402.076,525.013,498.979,325.421,386.166,242.981,90.395,19.525,0.723,0,0,0,0
위미2리,1,2020-08-02,0,0,0,0,0,0,22.418,75.932,140.293,309.512,401.353,376.042,464.267,377.488,317.466,245.874,97.626,61.468,24.587,0.723,0,0,0,0
위미2리,1,2020-08-03,0,0,0,0,0,0,22.418,60.022,106.304,86.056,115.705,209.716,225.625,229.241,231.411,165.603,139.569,114.259,37.604,4.339,0,0,0,0
위미2리,1,2020-08-04,0,0,0,0,0,0,11.571,50.621,133.061,291.433,334.099,467.16,556.108,443.296,353.624,237.196,136.677,74.485,9.401,0,0,0,0,0
위미2리,1,2020-08-05,0,0,0,0,0,0,6.508,26.034,36.158,49.898,31.819,33.265,67.977,103.412,69.423,69.423,36.158,21.695,10.124,0,0,0,0,0
위미2리,1,2020-08-06,0,0,0,0,0,0,0,2.893,20.972,38.327,24.587,49.175,67.977,82.44,40.497,40.497,34.712,13.017,5.785,0.723,0,0,0,0
위미2리,1,2020-08-07,0,0,0,0,0,0,13.017,42.666,69.423,83.886,86.056,66.531,127.276,142.462,109.197,91.118,45.559,24.587,2.169,0,0,0,0,0
위미2리,1,2020-08-08,0,0,0,0,0,0,3.616,19.525,17.356,23.864,36.158,47.728,91.841,130.168,114.982,92.564,46.282,43.389,17.356,0,0,0,0,0
위미2리,1,2020-08-09,0,0,0,0,0,0,24.587,83.886,187.298,347.839,443.296,425.217,431.725,485.962,385.443,261.06,145.355,65.084,12.294,0,0,0,0,0
위미2리,1,2020-08-10,0,0,0,0,0,0,15.186,36.881,95.457,47.728,83.886,132.338,250.213,118.598,111.366,157.648,63.638,23.141,5.785,0,0,0,0,0
위미2리,1,2020-08-11,0,0,0,0,0,0,7.955,45.559,101.965,65.807,125.106,131.615,149.694,99.796,79.547,156.925,78.101,33.988,5.785,0,0,0,0,0
위미2리,1,2020-08-12,0,0,0,0,0,0,8.678,25.311,25.311,111.366,235.749,126.553,166.326,300.834,206.823,138.123,123.66,66.531,29.649,2.169,0,0,0,0
위미2리,1,2020-08-13,0,0,0,0,0,0,33.265,129.445,217.671,241.535,443.296,507.657,574.911,459.205,556.108,535.137,391.228,139.569,36.881,0.723,0,0,0,0
위미2리,1,2020-08-14,0,0,0,0,0,0,23.141,125.829,317.466,493.194,566.233,692.062,665.305,584.312,323.975,256.721,169.219,203.931,29.649,0,0,0,0,0
위미2리,1,2020-08-15,0,0,0,0,0,0,26.757,126.553,295.048,481.623,637.102,747.745,782.457,770.163,713.757,603.837,435.341,226.348,48.452,0.723,0,0,0,0
위미2리,1,2020-08-16,0,0,0,0,0,0,20.972,133.784,316.02,474.392,621.193,728.22,659.52,688.446,658.074,548.877,410.754,222.009,44.113,1.446,0,0,0,0
위미2리,1,2020-08-17,0,0,0,0,0,0,20.972,134.507,297.218,459.928,613.961,704.356,737.621,491.747,266.845,331.929,107.751,99.073,28.926,0,0,0,0,0
위미2리,1,2020-08-18,0,0,0,0,0,0,19.525,134.507,319.636,476.561,644.334,720.265,742.683,727.497,611.792,397.737,274.077,114.982,38.327,0.723,0,0,0,0
위미2리,1,2020-08-19,0,0,0,0,0,0,18.079,135.231,323.252,473.668,627.701,731.836,752.084,740.514,666.028,567.679,386.166,203.931,42.666,0.723,0,0,0,0
위미2리,1,2020-08-20,0,0,0,0,0,0,19.525,130.168,328.314,467.16,647.226,723.881,735.452,692.785,673.983,571.295,373.149,120.767,22.418,0,0,0,0,0
위미2리,1,2020-08-21,0,0,0,0,0,0,22.418,134.507,330.483,476.561,621.916,641.441,717.373,624.808,676.153,544.538,276.969,178.62,42.666,0,0,0,0,0
위미2리,1,2020-08-22,0,0,0,0,0,0,12.294,100.519,288.54,404.245,437.511,540.199,645.78,360.856,59.299,60.022,17.356,18.802,43.389,0.723,0,0,0,0
위미2리,1,2020-08-23,0,0,0,0,0,0,19.525,96.18,304.449,444.742,398.46,420.155,152.586,344.946,105.581,505.487,175.004,193.083,15.909,0,0,0,0,0
위미2리,1,2020-08-24,0,0,0,0,0,0,5.785,131.615,208.993,451.974,603.837,639.995,655.904,559.001,471.499,454.866,390.505,174.281,31.096,0,0,0,0,0
위미2리,1,2020-08-25,0,0,0,0,0,0,19.525,98.349,143.908,309.512,313.127,429.556,485.239,389.059,165.603,113.536,47.005,45.559,5.785,0,0,0,0,0
위미2리,1,2020-08-26,0,0,0,0,0,0,1.446,7.232,17.356,30.373,14.463,3.616,15.909,12.294,7.955,2.169,0,0,0,0,0,0,0,0
위미2리,1,2020-08-27,0,0,0,0,0,0,2.169,34.712,65.807,70.869,70.869,157.648,136.677,166.326,161.264,95.457,39.051,20.972,5.062,0,0,0,0,0
위미2리,1,2020-08-28,0,0,0,0,0,0,10.847,69.423,237.196,475.115,569.848,483.793,527.905,442.573,322.528,223.456,103.412,71.593,19.525,0,0,0,0,0
위미2리,1,2020-08-29,0,0,0,0,0,0,0.723,31.819,70.869,99.796,478.731,692.062,491.747,433.895,359.409,197.422,133.061,66.531,20.972,0,0,0,0,0
위미2리,1,2020-08-30,0,0,0,0,0,0,13.74,126.553,295.772,445.465,651.565,734.005,710.864,688.446,655.904,467.16,319.636,164.88,10.847,0,0,0,0,0
위미2리,1,2020-08-31,0,0,0,0,0,0,15.909,80.994,237.919,383.997,502.595,539.476,532.967,527.905,489.578,284.201,285.647,67.977,11.571,0,0,0,0,0
위미2리,1,2020-09-01,0,0,0,0,0,0,1.446,21.695,59.299,71.593,197.422,282.755,185.852,201.761,331.929,304.449,145.355,65.084,13.017,0,0,0,0,0
위미2리,1,2020-09-02,0,0,0,0,0,0,2.169,24.587,35.435,29.649,43.389,47.728,33.988,23.864,26.034,30.373,6.508,0,0,0,0,0,0,0
위미2리,1,2020-09-03,0,0,0,0,0,0,4.339,2.169,0,0,0,0,0,0,0,0,0,0,0,0,0,0,0,0
위미2리,1,2020-09-04,0,0,0,0,0,0,0,0,0,0,0,0,0,0,0,0,0,0,0,0,0,0,0,0
위미2리,1,2020-09-05,0,0,0,0,0,0,0,0,0,0,0,0,0,0,0,0,0,0,0,0,0,0,0,0
위미2리,1,2020-09-06,0,0,0,0,0,0,0,0,0,0,0,0,0,0,0,0,0,0,0,0,0,0,0,0
위미2리,1,2020-09-07,0,0,0,0,0,0,0,0,0,0,0,0,0,0,0,0,0,0,0,0,0,0,0,0
위미2리,1,2020-09-08,0,0,0,0,0,0,0,0,0,0,0,43.389,501.148,705.079,613.961,104.858,0,70.869,24.587,0,0,0,0,0
위미2리,1,2020-09-09,0,0,0,0,0,0,7.232,109.92,273.354,456.313,628.424,738.344,767.994,774.502,683.384,506.934,360.856,98.349,9.401,0,0,0,0,0
위미2리,1,2020-09-10,0,0,0,0,0,0,11.571,80.994,312.404,455.589,481.623,621.916,662.413,601.667,631.317,459.205,162.711,47.728,10.847,0,0,0,0,0
위미2리,1,2020-09-11,0,0,0,0,0,0,6.508,63.638,112.813,122.937,270.461,221.286,220.563,115.705,142.462,88.225,26.034,4.339,0,0,0,0,0,0
위미2리,1,2020-09-12,0,0,0,0,0,0,3.616,32.542,183.682,490.301,568.402,381.104,237.196,683.384,171.388,63.638,114.259,58.576,2.893,0,0,0,0,0
위미2리,1,2020-09-13,0,0,0,0,0,0,9.401,119.321,229.964,308.788,356.517,176.451,373.149,172.835,85.333,52.067,13.017,20.248,1.446,0,0,0,0,0
위미2리,1,2020-09-14,0,0,0,0,0,0,15.909,127.276,308.065,334.822,407.138,306.619,342.054,216.947,402.799,181.513,17.356,10.124,2.169,0,0,0,0,0
위미2리,1,2020-09-15,0,0,0,0,0,0,6.508,146.801,341.331,512.719,489.578,410.754,242.258,283.478,247.32,224.902,120.767,37.604,3.616,0,0,0,0,0
위미2리,1,2020-09-16,0,0,0,0,0,0,2.893,19.525,33.988,33.265,44.836,86.056,89.672,281.308,642.164,251.659,178.62,73.762,8.678,0,0,0,0,0
위미2리,1,2020-09-17,0,0,0,0,0,0,0.723,22.418,50.621,38.327,73.762,75.932,179.343,122.214,75.208,59.299,24.587,6.508,0,0,0,0,0,0
위미2리,1,2020-09-18,0,0,0,0,0,0,0,9.401,59.299,165.603,67.254,142.462,154.756,219.84,162.711,103.412,61.468,35.435,2.169,0,0,0,0,0
위미2리,1,2020-09-19,0,0,0,0,0,0,11.571,129.445,360.856,350.732,373.149,700.017,611.792,440.403,336.268,308.065,266.845,101.965,9.401,0,0,0,0,0
위미2리,1,2020-09-20,0,0,0,0,0,0,13.74,107.027,323.252,480.9,635.656,814.276,816.445,778.841,721.712,580.696,376.765,148.971,8.678,0,0,0,0,0
위미2리,1,2020-09-21,0,0,0,0,0,0,18.079,146.078,305.896,412.2,458.482,476.561,438.957,572.741,687.723,497.533,313.851,149.694,4.339,0,0,0,0,0
위미2리,1,2020-09-22,0,0,0,0,0,0,16.633,104.858,98.349,195.253,329.76,430.279,464.991,556.108,466.437,212.608,117.152,55.683,2.169,0,0,0,0,0
위미2리,1,2020-09-23,0,0,0,0,0,0,6.508,88.225,180.066,227.072,248.766,160.541,141.016,114.982,41.22,41.943,26.034,13.74,0.723,0,0,0,0,0
위미2리,1,2020-09-24,0,0,0,0,0,0,0,13.017,67.977,115.705,88.948,99.796,161.264,233.58,275.523,115.705,66.531,15.186,0.723,0,0,0,0,0
위미2리,1,2020-09-25,0,0,0,0,0,0,9.401,127.999,365.195,570.572,712.311,760.762,805.598,608.176,370.98,348.562,349.285,95.457,2.169,0,0,0,0,0
위미2리,1,2020-09-26,0,0,0,0,0,0,0,24.587,88.948,336.992,690.616,794.751,815.722,689.893,500.425,413.646,260.337,62.192,3.616,0,0,0,0,0
위미2리,1,2020-09-27,0,0,0,0,0,0,7.232,128.722,358.686,485.962,642.887,673.26,700.74,661.689,662.413,397.737,323.975,101.965,3.616,0,0,0,0,0
위미2리,1,2020-09-28,0,0,0,0,0,0,7.232,135.231,382.551,488.855,681.215,717.373,556.108,510.549,542.368,381.104,319.636,110.643,2.893,0,0,0,0,0
위미2리,1,2020-09-29,0,0,0,0,0,0,7.232,141.739,344.223,478.007,689.893,817.168,847.541,765.824,670.367,590.097,270.461,39.051,2.169,0,0,0,0,0
위미2리,1,2020-09-30,0,0,0,0,0,0,7.955,126.553,353.624,564.786,648.673,750.638,828.016,786.796,676.153,534.414,322.528,93.287,2.169,0,0,0,0,0
위미2리,1,2020-10-01,0,0,0,0,0,0,7.955,117.152,247.32,497.533,375.319,138.123,514.165,265.399,220.563,130.892,86.779,39.051,1.446,0,0,0,0,0
위미2리,1,2020-10-02,0,0,0,0,0,0,7.232,122.937,352.178,562.617,470.053,700.74,754.977,741.237,673.983,478.007,156.925,52.067,0.723,0,0,0,0,0
위미2리,1,2020-10-03,0,0,0,0,0,0,1.446,26.757,199.592,309.512,436.787,608.176,731.836,629.871,564.063,201.038,86.056,73.039,0,0,0,0,0,0
위미2리,1,2020-10-04,0,0,0,0,0,0,1.446,44.836,130.168,225.625,360.133,263.953,67.977,185.852,210.439,127.999,57.129,20.972,0,0,0,0,0,0
위미2리,1,2020-10-05,0,0,0,0,0,0,6.508,137.4,391.228,609.622,762.208,859.112,888.038,848.264,747.745,580.696,355.071,108.474,1.446,0,0,0,0,0
위미2리,1,2020-10-06,0,0,0,0,0,0,5.785,138.123,391.228,600.944,741.237,805.598,801.259,823.677,740.514,587.204,365.918,104.135,0,0,0,0,0,0
위미2리,1,2020-10-07,0,0,0,0,0,0,2.893,63.638,365.195,599.498,670.367,773.056,611.068,629.147,600.221,488.132,336.992,87.502,0.723,0,0,0,0,0
위미2리,1,2020-10-08,0,0,0,0,0,0,4.339,80.994,174.281,347.116,479.454,658.797,655.181,754.254,566.956,324.698,269.738,103.412,0.723,0,0,0,0,0
위미2리,1,2020-10-09,0,0,0,0,0,0,1.446,60.022,237.919,279.139,300.111,229.241,498.256,376.042,209.716,283.478,175.004,30.373,0,0,0,0,0,0
위미2리,1,2020-10-10,0,0,0,0,0,0,0,24.587,61.468,102.688,306.619,428.833,583.588,611.068,477.284,188.744,238.642,32.542,0,0,0,0,0,0
위미2리,1,2020-10-11,0,0,0,0,0,0,0,24.587,80.994,154.033,322.528,672.537,504.764,303.726,153.309,163.434,187.298,43.389,0,0,0,0,0,0
위미2리,1,2020-10-12,0,0,0,0,0,0,5.062,114.982,335.545,478.731,659.52,760.039,769.44,749.192,660.243,515.612,282.755,67.254,0,0,0,0,0,0
위미2리,1,2020-10-13,0,0,0,0,0,0,2.893,108.474,327.591,471.499,668.198,704.356,787.519,742.683,669.644,523.566,303.726,54.237,0,0,0,0,0,0
위미2리,1,2020-10-14,0,0,0,0,0,0,3.616,106.304,338.438,567.679,711.587,801.982,825.123,790.412,694.955,533.691,313.851,72.316,0,0,0,0,0,0
위미2리,1,2020-10-15,0,0,0,0,0,0,1.446,85.333,242.981,544.538,718.096,801.259,830.908,710.864,423.047,212.608,65.807,14.463,0,0,0,0,0,0
위미2리,1,2020-10-16,0,0,0,0,0,0,0,60.022,125.829,173.558,274.8,159.095,141.016,113.536,93.287,57.129,28.203,1.446,0,0,0,0,0,0
위미2리,1,2020-10-17,0,0,0,0,0,0,2.169,113.536,357.963,554.662,689.169,766.547,794.027,761.485,689.169,514.888,211.885,31.096,0,0,0,0,0,0
위미2리,1,2020-10-18,0,0,0,0,0,0,2.169,105.581,338.438,542.368,705.079,543.092,237.196,214.778,291.433,206.1,123.66,23.141,0,0,0,0,0,0
위미2리,1,2020-10-19,0,0,0,0,0,0,0,82.44,372.426,559.001,706.525,700.017,790.412,781.011,684.831,514.888,247.32,36.158,0,0,0,0,0,0
위미2리,1,2020-10-20,0,0,0,0,0,0,1.446,104.858,336.268,497.533,572.741,663.859,720.265,654.458,608.899,467.883,264.676,36.881,0,0,0,0,0,0
위미2리,1,2020-10-21,0,0,0,0,0,0,0,19.525,88.225,143.908,343.5,223.456,117.875,107.027,74.485,36.158,19.525,1.446,0,0,0,0,0,0
위미2리,1,2020-10-22,0,0,0,0,0,0,0,10.847,31.096,86.056,56.406,165.603,150.417,146.801,108.474,75.932,65.084,7.232,0,0,0,0,0,0
위미2리,1,2020-10-23,0,0,0,0,0,0,0.723,88.948,342.777,589.374,762.208,850.434,875.744,841.756,739.067,557.555,315.297,49.175,0,0,0,0,0,0
위미2리,1,2020-10-24,0,0,0,0,0,0,0,114.982,370.257,579.249,712.311,823.677,826.569,782.457,694.955,526.459,295.772,47.728,0,0,0,0,0,0
위미2리,1,2020-10-25,0,0,0,0,0,0,0.723,117.152,365.918,564.063,683.384,761.485,783.18,756.423,658.074,202.484,79.547,10.124,0,0,0,0,0,0
위미2리,1,2020-10-26,0,0,0,0,0,0,0.723,99.796,336.268,433.895,419.432,653.012,501.148,634.933,506.211,244.427,125.829,15.186,0,0,0,0,0,0
위미2리,1,2020-10-27,0,0,0,0,0,0,0,80.271,283.478,452.697,417.985,658.797,558.278,723.881,492.471,420.155,216.947,26.757,0,0,0,0,0,0
위미2리,1,2020-10-28,0,0,0,0,0,0,0,35.435,180.789,319.636,180.789,289.986,403.522,251.659,246.597,171.388,68.7,10.124,0,0,0,0,0,0
위미2리,1,2020-10-29,0,0,0,0,0,0,0.723,124.383,362.302,522.12,689.893,653.735,543.092,480.177,368.811,506.934,275.523,36.881,0,0,0,0,0,0
위미2리,1,2020-10-30,0,0,0,0,0,0,0,55.683,350.732,561.894,707.972,799.813,806.321,690.616,592.266,394.121,155.479,13.017,0,0,0,0,0,0
위미2리,1,2020-10-31,0,0,0,0,0,0,0,32.542,213.332,468.606,535.86,770.886,796.197,754.977,658.797,489.578,251.659,28.926,0,0,0,0,0,0
위미2리,1,2020-11-01,0,0,0,0,0,0,0,94.011,363.748,375.319,521.397,742.683,763.655,653.012,543.092,469.329,192.36,20.972,0,0,0,0,0,0
위미2리,1,2020-11-02,0,0,0,0,0,0,0,2.893,32.542,65.084,99.796,59.299,135.231,90.395,269.738,335.545,51.344,10.124,0,0,0,0,0,0
위미2리,1,2020-11-03,0,0,0,0,0,0,0,47.728,52.791,109.197,482.346,710.141,855.496,814.999,712.311,543.092,281.308,18.802,0,0,0,0,0,0
위미2리,1,2020-11-04,0,0,0,0,0,0,0,89.672,350.732,561.171,698.571,781.734,796.92,760.762,660.243,498.256,250.936,21.695,0,0,0,0,0,0
위미2리,1,2020-11-05,0,0,0,0,0,0,0,84.609,332.653,550.323,714.48,657.351,731.113,757.146,666.752,342.777,59.299,2.893,0,0,0,0,0,0
위미2리,1,2020-11-06,0,0,0,0,0,0,0,35.435,117.152,93.287,84.609,47.005,52.791,86.056,70.146,58.576,28.926,13.74,0,0,0,0,0,0
위미2리,1,2020-11-07,0,0,0,0,0,0,0,12.294,196.699,174.281,266.845,263.953,204.654,252.382,361.579,457.759,204.654,10.847,0,0,0,0,0,0
위미2리,1,2020-11-08,0,0,0,0,0,0,0,53.514,289.986,527.182,698.571,786.073,794.027,766.547,668.921,490.301,240.812,17.356,0,0,0,0,0,0
위미2리,1,2020-11-09,0,0,0,0,0,0,0,80.994,346.393,572.741,738.344,818.615,839.586,796.197,677.599,496.086,253.105,18.079,0,0,0,0,0,0
위미2리,1,2020-11-10,0,0,0,0,0,0,0,67.254,306.619,475.115,453.42,592.989,737.621,759.316,653.735,472.945,208.269,13.017,0,0,0,0,0,0
위미2리,1,2020-11-11,0,0,0,0,0,0,0,57.853,308.788,534.414,687.723,765.101,786.073,741.237,622.639,448.358,203.207,12.294,0,0,0,0,0,0
위미2리,1,2020-11-12,0,0,0,0,0,0,0,58.576,302.28,485.962,527.905,789.688,734.728,666.028,641.441,468.606,223.456,7.955,0,0,0,0,0,0
위미2리,1,2020-11-13,0,0,0,0,0,0,0,65.084,316.743,525.013,666.752,755.7,781.011,730.389,641.441,483.793,216.224,12.294,0,0,0,0,0,0
위미2리,1,2020-11-14,0,0,0,0,0,0,0,18.079,155.479,229.241,432.448,441.126,585.035,605.283,548.154,417.985,194.529,8.678,0,0,0,0,0,0
위미2리,1,2020-11-15,0,0,0,0,0,0,0,49.898,271.907,488.855,585.758,723.881,602.391,222.733,62.915,40.497,19.525,0,0,0,0,0,0,0
위미2리,1,2020-11-16,0,0,0,0,0,0,0,0,18.802,47.005,58.576,114.982,220.563,211.162,166.326,165.603,56.406,1.446,0,0,0,0,0,0
위미2리,1,2020-11-17,0,0,0,0,0,0,0,27.48,148.971,229.964,409.307,334.822,360.133,261.783,198.868,116.428,69.423,0,0,0,0,0,0,0
위미2리,1,2020-11-18,0,0,0,0,0,0,0,0,36.158,65.807,174.281,201.761,97.626,44.836,94.011,47.005,11.571,0,0,0,0,0,0,0
위미2리,1,2020-11-19,0,0,0,0,0,0,0,5.062,7.955,8.678,15.909,52.791,57.853,39.774,194.529,285.647,138.846,5.785,0,0,0,0,0,0
위미2리,1,2020-11-20,0,0,0,0,0,0,0,8.678,169.219,500.425,645.78,737.621,718.096,759.316,632.763,331.206,159.095,7.955,0,0,0,0,0,0
위미2리,1,2020-11-21,0,0,0,0,0,0,0,5.785,208.993,477.284,504.041,391.952,130.892,141.016,185.852,128.722,63.638,1.446,0,0,0,0,0,0
위미2리,1,2020-11-22,0,0,0,0,0,0,0,0,18.802,97.626,300.111,124.383,80.994,45.559,7.232,8.678,21.695,0,0,0,0,0,0,0
위미2리,1,2020-11-23,0,0,0,0,0,0,0,31.819,219.117,309.512,545.984,412.923,176.451,137.4,219.117,254.552,161.264,3.616,0,0,0,0,0,0
위미2리,1,2020-11-24,0,0,0,0,0,0,0,7.232,77.378,324.698,322.528,533.691,472.222,566.956,352.178,99.073,26.034,0.723,0,0,0,0,0,0
위미2리,1,2020-11-25,0,0,0,0,0,0,0,31.819,258.167,488.132,652.288,724.604,740.514,707.972,634.933,477.284,206.1,0,0,0,0,0,0,0
위미2리,1,2020-11-26,0,0,0,0,0,0,0,1.446,33.988,68.7,60.022,49.898,102.688,78.824,75.208,80.271,54.96,0.723,0,0,0,0,0,0
위미2리,1,2020-11-27,0,0,0,0,0,0,0,2.893,54.96,175.004,253.105,191.637,228.518,391.228,229.241,47.728,62.915,3.616,0,0,0,0,0,0
위미2리,1,2020-11-28,0,0,0,0,0,0,0,16.633,172.112,356.517,699.294,736.175,838.14,713.034,577.08,222.733,57.853,0.723,0,0,0,0,0,0
위미2리,1,2020-11-29,0,0,0,0,0,0,0,13.74,156.925,516.335,287.094,256.721,284.201,732.559,205.377,166.326,49.898,1.446,0,0,0,0,0,0
위미2리,1,2020-11-30,0,0,0,0,0,0,0,25.311,266.845,508.38,289.986,396.291,585.035,718.096,668.921,470.053,185.128,5.062,0,0,0,0,0,0
위미2리,1,2020-12-01,0,0,0,0,0,0,0,26.757,237.919,471.499,643.611,748.468,814.276,724.604,658.074,474.392,191.637,5.062,0,0,0,0,0,0
위미2리,1,2020-12-02,0,0,0,0,0,0,0,5.062,77.378,51.344,99.796,187.298,388.336,231.411,477.284,429.556,167.773,5.785,0,0,0,0,0,0
위미2리,1,2020-12-03,0,0,0,0,0,0,0,24.587,240.088,477.284,650.119,734.005,551.769,715.203,637.102,444.019,140.293,5.785,0,0,0,0,0,0
위미2리,1,2020-12-04,0,0,0,0,0,0,0,23.141,210.439,452.697,577.08,365.918,253.828,253.828,473.668,222.009,74.485,5.785,0,0,0,0,0,0
위미2리,1,2020-12-05,0,0,0,0,0,0,0,24.587,159.818,176.451,365.195,606.729,519.227,434.618,211.162,115.705,132.338,4.339,0,0,0,0,0,0
위미2리,1,2020-12-06,0,0,0,0,0,0,0,18.802,217.671,464.267,636.379,708.695,624.085,653.012,412.923,188.744,114.982,3.616,0,0,0,0,0,0
위미2리,1,2020-12-07,0,0,0,0,0,0,0,2.169,46.282,128.722,323.975,424.494,625.532,405.692,441.126,130.168,36.881,0,0,0,0,0,0,0
위미2리,1,2020-12-08,0,0,0,0,0,0,0,3.616,168.496,404.968,483.069,465.714,574.187,708.695,596.605,420.155,165.603,5.062,0,0,0,0,0,0
위미2리,1,2020-12-09,0,0,0,0,0,0,0,14.463,221.286,468.606,645.78,735.452,757.869,710.864,605.283,422.324,149.694,4.339,0,0,0,0,0,0
위미2리,1,2020-12-10,0,0,0,0,0,0,0,0.723,46.282,149.694,206.1,491.024,587.927,506.211,213.332,129.445,76.655,1.446,0,0,0,0,0,0
위미2리,1,2020-12-11,0,0,0,0,0,0,0,0,15.909,44.836,54.96,95.457,71.593,51.344,43.389,43.389,10.847,0,0,0,0,0,0,0
위미2리,1,2020-12-12,0,0,0,0,0,0,0,7.232,148.247,395.567,593.713,713.034,744.853,653.735,274.8,384.72,160.541,6.508,0,0,0,0,0,0
위미2리,1,2020-12-13,0,0,0,0,0,0,0,1.446,65.084,212.608,356.517,558.278,412.923,682.661,478.731,251.659,47.728,0,0,0,0,0,0,0
위미2리,1,2020-12-14,0,0,0,0,0,0,0,0,19.525,113.536,98.349,63.638,125.829,303.726,266.845,156.925,61.468,0.723,0,0,0,0,0,0
위미2리,1,2020-12-15,0,0,0,0,0,0,0,0,0,2.893,79.547,515.612,828.739,741.96,689.893,499.702,219.117,8.678,0,0,0,0,0,0
위미2리,1,2020-12-16,0,0,0,0,0,0,0,0,3.616,27.48,112.813,253.828,467.883,168.496,163.434,139.569,135.231,3.616,0,0,0,0,0,0
위미2리,1,2020-12-17,0,0,0,0,0,0,0,2.893,195.253,473.668,648.673,697.124,762.208,710.864,705.079,425.94,163.434,3.616,0,0,0,0,0,0
위미2리,1,2020-12-18,0,0,0,0,0,0,0,1.446,70.146,265.399,277.693,272.631,533.691,533.691,297.941,178.62,80.994,1.446,0,0,0,0,0,0
위미2리,1,2020-12-19,0,0,0,0,0,0,0,4.339,156.202,432.448,655.904,780.287,829.462,802.705,705.079,526.459,228.518,10.124,0,0,0,0,0,0
위미2리,1,2020-12-20,0,0,0,0,0,0,0,0,4.339,60.022,121.491,326.144,717.373,616.854,554.662,503.318,221.286,8.678,0,0,0,0,0,0
위미2리,1,2020-12-21,0,0,0,0,0,0,0,1.446,128.722,227.072,326.867,573.464,512.719,428.833,472.222,224.179,198.868,4.339,0,0,0,0,0,0
위미2리,1,2020-12-22,0,0,0,0,0,0,0,1.446,84.609,131.615,332.653,552.493,672.537,672.537,606.729,439.68,188.021,9.401,0,0,0,0,0,0
위미2리,1,2020-12-23,0,0,0,0,0,0,0,1.446,73.762,245.874,375.319,478.007,574.911,675.429,561.171,246.597,66.531,3.616,0,0,0,0,0,0
위미2리,1,2020-12-24,0,0,0,0,0,0,0,0.723,39.051,177.897,509.826,682.661,438.957,395.567,564.786,417.262,213.332,12.294,0,0,0,0,0,0
위미2리,1,2020-12-25,0,0,0,0,0,0,0,6.508,180.066,444.742,626.978,728.22,762.932,749.915,673.26,518.504,248.766,13.74,0,0,0,0,0,0
위미2리,1,2020-12-26,0,0,0,0,0,0,0,0.723,56.406,138.846,530.075,647.949,750.638,753.531,479.454,308.065,81.717,10.847,0,0,0,0,0,0
위미2리,1,2020-12-27,0,0,0,0,0,0,0,0,1.446,24.587,7.232,26.757,14.463,7.232,0.723,0,0,0,0,0,0,0,0,0
위미2리,1,2020-12-28,0,0,0,0,0,0,0,0,0,0,0,0,0,0,0,0,133.061,13.017,0,0,0,0,0,0
위미2리,1,2020-12-29,0,0,0,0,0,0,0,1.446,116.428,315.297,119.321,85.333,114.982,41.943,63.638,33.265,9.401,0,0,0,0,0,0,0
위미2리,1,2020-12-30,0,0,0,0,0,0,0,0.723,2.893,4.339,48.452,192.36,130.892,134.507,222.733,217.671,14.463,0,0,0,0,0,0,0
위미2리,1,2020-12-31,0,0,0,0,0,0,0,0,0,0,0,1.446,5.062,33.265,36.881,46.282,13.017,0,0,0,0,0,0,0
위미2리,1,2021-01-01,0,0,0,0,0,0,0,0,73.039,83.163,412.2,515.612,440.403,262.506,193.806,115.705,27.48,1.446,0,0,0,0,0,0
위미2리,1,2021-01-02,0,0,0,0,0,0,0,0.723,105.581,368.087,364.472,458.482,611.068,506.211,545.984,498.979,243.704,15.186,0,0,0,0,0,0
위미2리,1,2021-01-03,0,0,0,0,0,0,0,1.446,93.287,399.183,547.431,488.132,460.652,282.755,164.88,185.128,75.208,4.339,0,0,0,0,0,0
위미2리,1,2021-01-04,0,0,0,0,0,0,0,2.893,140.293,402.076,601.667,694.955,734.005,590.097,350.008,160.541,114.982,5.785,0,0,0,0,0,0
위미2리,1,2021-01-05,0,0,0,0,0,0,0,1.446,26.757,109.197,296.495,208.269,196.699,198.868,258.167,202.484,168.496,8.678,0,0,0,0,0,0
위미2리,1,2021-01-06,0,0,0,0,0,0,0,0.723,55.683,258.891,336.268,463.544,541.645,603.114,559.001,319.636,107.751,11.571,0,0,0,0,0,0
위미2리,1,2021-01-07,0,0,0,0,0,0,0,0,5.785,13.017,4.339,0.723,0,0.723,0,0,0,0,0,0,0,0,0,0
위미2리,1,2021-01-08,0,0,0,0,0,0,0,0,0,0,0,0,0,0,0,0,0,0,0,0,0,0,0,0
위미2리,1,2021-01-09,0,0,0,0,0,0,0,0,0,0,0.723,120.044,424.494,294.325,223.456,180.066,60.022,1.446,0,0,0,0,0,0
위미2리,1,2021-01-10,0,0,0,0,0,0,0,0,3.616,12.294,59.299,230.687,438.234,218.394,252.382,331.929,107.751,9.401,0,0,0,0,0,0
위미2리,1,2021-01-11,0,0,0,0,0,0,0,0,16.633,41.22,104.858,274.077,101.965,44.113,49.175,224.179,68.7,6.508,0,0,0,0,0,0
위미2리,1,2021-01-12,0,0,0,0,0,0,0,5.062,77.378,375.319,570.572,655.904,543.092,550.323,407.861,112.089,113.536,13.74,0,0,0,0,0,0
위미2리,1,2021-01-13,0,0,0,0,0,0,0,0,78.824,297.218,564.786,667.475,727.497,489.578,506.934,316.02,122.937,24.587,0,0,0,0,0,0
위미2리,1,2021-01-14,0,0,0,0,0,0,0,2.169,125.829,360.133,548.154,665.305,726.051,719.542,645.057,496.086,274.077,27.48,0,0,0,0,0,0
위미2리,1,2021-01-15,0,0,0,0,0,0,0,1.446,52.067,197.422,138.123,274.8,279.862,148.971,300.834,316.02,135.954,10.847,0,0,0,0,0,0
위미2리,1,2021-01-16,0,0,0,0,0,0,0,2.893,125.829,357.963,535.86,558.278,732.559,688.446,396.291,293.602,121.491,13.74,0,0,0,0,0,0
위미2리,1,2021-01-17,0,0,0,0,0,0,0,0,0,9.401,84.609,343.5,610.345,712.311,577.08,383.997,182.959,24.587,0,0,0,0,0,0
위미2리,1,2021-01-18,0,0,0,0,0,0,0,0,67.254,217.671,247.32,352.178,428.833,572.741,363.748,219.117,87.502,25.311,0,0,0,0,0,0
위미2리,1,2021-01-19,0,0,0,0,0,0,0,7.955,164.88,441.849,623.362,728.943,788.965,743.406,707.248,571.295,342.054,55.683,0,0,0,0,0,0
위미2리,1,2021-01-20,0,0,0,0,0,0,0,0.723,103.412,439.68,578.526,686.277,674.706,707.248,242.258,194.529,94.734,8.678,0,0,0,0,0,0
위미2리,1,2021-01-21,0,0,0,0,0,0,0,2.169,72.316,361.579,469.329,425.217,556.108,548.154,416.539,164.157,41.943,6.508,0,0,0,0,0,0
위미2리,1,2021-01-22,0,0,0,0,0,0,0,0,5.785,49.175,78.101,28.926,45.559,84.609,44.113,30.373,2.169,0,0,0,0,0,0,0
위미2리,1,2021-01-23,0,0,0,0,0,0,0,0,2.893,10.847,33.265,31.096,33.988,28.203,23.141,11.571,0,0,0,0,0,0,0,0
위미2리,1,2021-01-24,0,0,0,0,0,0,0,2.169,145.355,334.822,392.675,472.945,480.177,462.098,418.708,396.291,149.694,14.463,0,0,0,0,0,0
위미2리,1,2021-01-25,0,0,0,0,0,0,0,0,36.881,117.152,282.755,370.98,577.803,398.46,347.116,329.037,161.264,35.435,0,0,0,0,0,0
위미2리,1,2021-01-26,0,0,0,0,0,0,0,0,2.169,7.955,64.361,277.693,551.046,88.225,28.203,36.881,60.745,10.124,0,0,0,0,0,0
위미2리,1,2021-01-27,0,0,0,0,0,0,0,9.401,207.546,478.731,671.814,768.717,793.304,796.197,736.175,595.159,370.257,78.824,0,0,0,0,0,0
위미2리,1,2021-01-28,0,0,0,0,0,0,0,7.232,175.727,436.064,616.131,737.621,810.66,746.299,626.978,587.927,366.641,97.626,0,0,0,0,0,0
위미2리,1,2021-01-29,0,0,0,0,0,0,0,2.169,104.858,358.686,685.554,713.757,762.932,700.017,778.841,564.786,406.415,104.858,0,0,0,0,0,0
위미2리,1,2021-01-30,0,0,0,0,0,0,0,5.785,165.603,424.494,627.701,752.807,805.598,801.982,731.836,593.713,372.426,86.779,0,0,0,0,0,0
위미2리,1,2021-01-31,0,0,0,0,0,0,0,2.169,80.271,293.602,206.1,286.371,327.591,463.544,476.561,284.924,101.242,19.525,0,0,0,0,0,0
위미2리,1,2021-02-01,0,0,0,0,0,0,0,0,38.327,51.344,33.265,42.666,74.485,61.468,62.915,45.559,18.079,5.062,0,0,0,0,0,0
위미2리,1,2021-02-02,0,0,0,0,0,0,0,7.232,174.281,438.957,639.272,740.514,776.672,760.039,710.864,595.882,378.935,92.564,0,0,0,0,0,0
위미2리,1,2021-02-03,0,0,0,0,0,0,0,10.847,198.145,435.341,484.516,663.136,885.868,680.492,639.272,598.052,345.669,88.948,0,0,0,0,0,0
위미2리,1,2021-02-04,0,0,0,0,0,0,0,6.508,159.095,424.494,616.131,726.051,785.349,777.395,704.356,571.295,370.257,99.073,0.723,0,0,0,0,0
위미2리,1,2021-02-05,0,0,0,0,0,0,0,3.616,55.683,127.276,242.981,106.304,147.524,140.293,208.993,86.056,21.695,2.893,0,0,0,0,0,0
위미2리,1,2021-02-06,0,0,0,0,0,0,0,7.232,201.761,453.42,634.933,574.187,793.304,798.366,729.666,585.758,377.488,104.135,0.723,0,0,0,0,0
위미2리,1,2021-02-07,0,0,0,0,0,0,0,7.955,151.14,371.703,545.261,663.136,718.096,699.294,608.899,438.234,227.795,55.683,0,0,0,0,0,0
위미2리,1,2021-02-08,0,0,0,0,0,0,0,3.616,88.225,309.512,509.826,746.299,728.943,765.101,720.988,611.792,400.629,120.044,0.723,0,0,0,0,0
위미2리,1,2021-02-09,0,0,0,0,0,0,0,23.864,235.749,255.998,360.133,459.205,668.198,172.112,114.259,59.299,81.717,38.327,0,0,0,0,0,0
위미2리,1,2021-02-10,0,0,0,0,0,0,0,17.356,155.479,383.997,543.092,592.266,279.862,209.716,138.846,91.118,122.214,47.005,0,0,0,0,0,0
위미2리,1,2021-02-11,0,0,0,0,0,0,0,2.893,57.853,157.648,204.654,223.456,269.015,266.122,216.224,141.739,67.977,15.186,0,0,0,0,0,0
위미2리,1,2021-02-12,0,0,0,0,0,0,0,2.893,70.869,178.62,158.372,154.033,134.507,177.174,185.852,140.293,103.412,15.909,0,0,0,0,0,0
위미2리,1,2021-02-13,0,0,0,0,0,0,0,2.169,71.593,221.286,214.778,308.065,762.208,780.287,713.034,580.696,361.579,122.937,0.723,0,0,0,0,0
위미2리,1,2021-02-14,0,0,0,0,0,0,0,0.723,42.666,143.185,278.416,495.363,279.862,323.252,226.348,132.338,64.361,31.096,0,0,0,0,0,0
위미2리,1,2021-02-15,0,0,0,0,0,0,0,13.017,241.535,542.368,485.962,287.817,267.568,160.541,713.757,660.243,383.997,174.281,2.169,0,0,0,0,0
위미2리,1,2021-02-16,0,0,0,0,0,0,0,23.864,244.427,493.194,680.492,814.276,867.789,861.281,791.135,616.854,491.747,83.163,0,0,0,0,0,0
위미2리,1,2021-02-17,0,0,0,0,0,0,0,5.062,3.616,17.356,86.056,314.574,188.021,232.134,222.733,115.705,112.089,33.988,0,0,0,0,0,0
위미2리,1,2021-02-18,0,0,0,0,0,0,0,0,0.723,7.955,302.28,692.062,707.248,846.818,891.654,747.745,483.793,123.66,1.446,0,0,0,0,0
위미2리,1,2021-02-19,0,0,0,0,0,0,0,38.327,252.382,503.318,684.831,671.091,795.474,833.078,775.225,642.164,440.403,172.112,2.893,0,0,0,0,0
위미2리,1,2021-02-20,0,0,0,0,0,0,0,23.141,203.207,433.895,613.961,727.497,797.643,794.751,725.327,595.159,388.336,133.061,2.169,0,0,0,0,0
위미2리,1,2021-02-21,0,0,0,0,0,0,0,27.48,224.902,475.115,651.565,771.609,835.971,833.801,763.655,632.04,423.771,156.202,2.169,0,0,0,0,0
위미2리,1,2021-02-22,0,0,0,0,0,0,0,28.926,223.456,451.251,626.255,743.406,788.965,765.824,699.294,556.108,349.285,120.044,1.446,0,0,0,0,0
위미2리,1,2021-02-23,0,0,0,0,0,0,0,47.728,153.309,255.275,344.946,376.042,363.025,373.149,331.206,259.614,159.818,33.265,0.723,0,0,0,0,0
위미2리,1,2021-02-24,0,0,0,0,0,0,0,14.463,109.92,224.902,311.681,374.596,398.46,396.291,336.992,287.817,182.236,62.192,2.893,0,0,0,0,0
위미2리,1,2021-02-25,0,0,0,0,0,0,0,10.847,96.18,125.106,216.224,222.733,232.134,175.004,165.603,47.005,23.141,3.616,0,0,0,0,0,0
위미2리,1,2021-02-26,0,0,0,0,0,0,0,0.723,3.616,20.972,27.48,128.722,127.276,125.106,156.202,184.405,132.338,24.587,0,0,0,0,0,0
위미2리,1,2021-02-27,0,0,0,0,0,0,0,11.571,51.344,219.84,313.851,384.72,411.477,292.879,281.308,95.457,47.728,29.649,0,0,0,0,0,0
위미2리,1,2021-02-28,0,0,0,0,0,0,0,3.616,88.225,94.011,275.523,143.908,91.841,71.593,75.932,90.395,14.463,3.616,0,0,0,0,0,0
위미2리,1,2021-03-01,0,0,0,0,0,0,0,0,2.169,5.785,13.74,12.294,25.311,38.327,6.508,5.785,21.695,12.294,0,0,0,0,0,0
위미2리,1,2021-03-02,0,0,0,0,0,0,0,41.943,284.201,579.973,760.762,888.761,945.891,946.614,860.558,716.649,506.211,223.456,11.571,0,0,0,0,0
위미2리,1,2021-03-03,0,0,0,0,0,0,0,36.881,211.885,311.681,514.888,697.847,611.068,342.777,405.692,397.737,431.002,122.937,6.508,0,0,0,0,0
위미2리,1,2021-03-04,0,0,0,0,0,0,0,1.446,16.633,92.564,72.316,96.18,74.485,50.621,32.542,2.893,6.508,2.893,0,0,0,0,0,0
위미2리,1,2021-03-05,0,0,0,0,0,0,0,35.435,175.727,219.84,232.857,252.382,369.534,394.121,451.974,470.053,225.625,70.146,1.446,0,0,0,0,0
위미2리,1,2021-03-06,0,0,0,0,0,0,0,22.418,115.705,206.823,342.054,340.607,357.963,303.726,285.647,158.372,62.192,34.712,1.446,0,0,0,0,0
위미2리,1,2021-03-07,0,0,0,0,0,0,0,11.571,13.017,39.774,52.067,117.875,179.343,178.62,145.355,177.174,210.439,154.033,9.401,0,0,0,0,0
위미2리,1,2021-03-08,0,0,0,0,0,0,0,52.067,261.06,493.194,691.339,820.061,863.451,828.016,745.576,611.068,375.319,99.796,5.062,0,0,0,0,0
위미2리,1,2021-03-09,0,0,0,0,0,0,0,17.356,91.118,115.705,265.399,285.647,181.513,204.654,263.229,202.484,127.276,95.457,7.955,0,0,0,0,0
위미2리,1,2021-03-10,0,0,0,0,0,0,0,57.853,269.738,510.549,679.768,795.474,856.219,835.971,753.531,454.866,284.924,91.841,7.955,0,0,0,0,0
위미2리,1,2021-03-11,0,0,0,0,0,0,0,40.497,219.117,394.121,373.149,357.963,341.331,438.957,143.908,86.779,70.869,30.373,0,0,0,0,0,0
위미2리,1,2021-03-12,0,0,0,0,0,0,0,2.169,56.406,170.665,567.679,410.031,513.442,918.411,365.918,523.566,309.512,150.417,7.232,0,0,0,0,0
위미2리,1,2021-03-13,0,0,0,0,0,0,0.723,62.192,275.523,248.043,137.4,195.253,220.563,322.528,318.913,342.777,161.987,87.502,9.401,0,0,0,0,0
위미2리,1,2021-03-14,0,0,0,0,0,0,0,54.237,266.122,482.346,626.978,830.908,850.434,450.527,431.725,566.956,418.708,159.095,13.74,0,0,0,0,0
위미2리,1,2021-03-15,0,0,0,0,0,0,0.723,66.531,136.677,467.16,470.776,705.802,768.717,656.627,444.019,86.056,38.327,26.034,0,0,0,0,0,0
위미2리,1,2021-03-16,0,0,0,0,0,0,0.723,16.633,47.005,120.044,334.099,410.754,724.604,420.155,451.974,548.877,369.534,143.908,13.017,0,0,0,0,0
위미2리,1,2021-03-17,0,0,0,0,0,0,1.446,83.886,313.851,558.278,731.113,833.801,877.914,846.818,757.146,563.34,386.166,135.231,8.678,0,0,0,0,0
위미2리,1,2021-03-18,0,0,0,0,0,0,0.723,61.468,305.896,528.628,620.469,779.564,883.699,863.451,770.163,457.759,138.123,43.389,2.893,0,0,0,0,0
위미2리,1,2021-03-19,0,0,0,0,0,0,0,35.435,72.316,202.484,326.144,321.805,177.897,305.173,386.889,121.491,28.926,14.463,0,0,0,0,0,0
위미2리,1,2021-03-20,0,0,0,0,0,0,0,0.723,4.339,29.649,36.881,196.699,261.06,97.626,32.542,19.525,7.955,2.893,0,0,0,0,0,0
위미2리,1,2021-03-21,0,0,0,0,0,0,0.723,62.192,94.011,282.032,137.4,291.433,660.243,392.675,613.961,650.119,462.098,172.112,16.633,0,0,0,0,0
위미2리,1,2021-03-22,0,0,0,0,0,0,1.446,80.994,329.037,605.283,779.564,879.36,931.427,869.959,570.572,687.723,491.024,218.394,18.802,0,0,0,0,0
위미2리,1,2021-03-23,0,0,0,0,0,0,2.893,98.349,323.252,548.877,705.079,811.383,858.388,850.434,791.858,660.966,466.437,215.501,24.587,0,0,0,0,0
위미2리,1,2021-03-24,0,0,0,0,0,0,4.339,83.163,219.117,543.815,598.775,550.323,383.997,564.786,371.703,435.341,196.699,116.428,16.633,0,0,0,0,0
위미2리,1,2021-03-25,0,0,0,0,0,0,2.169,100.519,331.929,543.092,702.909,802.705,848.987,833.801,767.271,634.933,439.68,205.377,24.587,0,0,0,0,0
위미2리,1,2021-03-26,0,0,0,0,0,0,3.616,108.474,344.223,557.555,717.373,812.829,856.942,841.756,769.44,634.933,441.849,201.038,24.587,0,0,0,0,0
위미2리,1,2021-03-27,0,0,0,0,0,0,2.169,18.079,65.807,83.886,70.146,55.683,54.96,23.864,6.508,7.955,3.616,0,0,0,0,0,0,0
위미2리,1,2021-03-28,0,0,0,0,0,0,2.169,65.084,209.716,336.992,598.052,798.366,837.417,820.784,739.791,592.266,391.952,170.665,22.418,0,0,0,0,0
위미2리,1,2021-03-29,0,0,0,0,0,0,2.893,83.886,245.151,439.68,592.266,700.74,742.683,708.695,646.503,504.764,321.805,134.507,18.802,0,0,0,0,0
위미2리,1,2021-03-30,0,0,0,0,0,0,3.616,85.333,252.382,460.652,656.627,751.361,815.722,794.027,718.096,587.927,389.059,178.62,28.926,0,0,0,0,0
위미2리,1,2021-03-31,0,0,0,0,0,0,5.062,100.519,299.387,525.013,649.396,707.972,490.301,501.148,273.354,180.066,84.609,30.373,9.401,0,0,0,0,0
위미2리,1,2021-04-01,0,0,0,0,0,0,1.446,49.898,180.789,195.253,289.986,222.733,180.066,88.225,63.638,25.311,11.571,4.339,0,0,0,0,0,0
위미2리,1,2021-04-02,0,0,0,0,0,0,0.723,44.836,98.349,76.655,188.021,194.529,215.501,180.066,148.971,139.569,86.056,24.587,0,0,0,0,0,0
위미2리,1,2021-04-03,0,0,0,0,0,0,0,0,0,0,0,0,0,0,0,0,0,0,0,0,0,0,0,0
위미2리,1,2021-04-04,0,0,0,0,0,0,0,0,0,0,0,0,0,0,0,0,0,0,0,0,0,0,0,0
위미2리,1,2021-04-05,0,0,0,0,0,0,0,0,0,247.32,650.842,880.806,922.749,908.286,835.971,697.124,491.024,238.642,31.819,0,0,0,0,0
위미2리,1,2021-04-06,0,0,0,0,0,0,4.339,83.163,342.777,575.634,720.988,826.569,864.897,844.648,775.948,653.012,459.205,223.456,33.265,0,0,0,0,0
위미2리,1,2021-04-07,0,0,0,0,0,0,13.74,138.846,368.087,603.837,737.621,833.801,877.191,754.254,666.028,499.702,354.347,195.976,14.463,0,0,0,0,0
위미2리,1,2021-04-08,0,0,0,0,0,0,9.401,83.886,201.038,316.02,445.465,606.729,830.185,793.304,742.683,608.899,426.663,206.823,33.265,0,0,0,0,0
위미2리,1,2021-04-09,0,0,0,0,0,0,18.079,121.491,317.466,585.758,660.243,739.791,713.034,798.366,718.819,525.736,278.416,0,0,0,0,0,0,0
위미2리,1,2021-04-10,0,0,0,0,0,0,0,0,0,0,0,0,0,0,0,0,0,0,0,0,0,0,0,0
위미2리,1,2021-04-11,0,0,0,0,0,0,0,0,0,0,0,0,0,0,0,0,0,0,0,0,0,0,0,0
위미2리,1,2021-04-12,0,0,0,0,0,0,0,0,0,10.124,12.294,16.633,26.757,31.819,24.587,11.571,19.525,6.508,0,0,0,0,0,0
위미2리,1,2021-04-13,0,0,0,0,0,0,22.418,112.813,219.117,483.069,646.503,743.406,763.655,792.581,611.792,475.115,366.641,207.546,35.435,0,0,0,0,0
위미2리,1,2021-04-14,0,0,0,0,0,0,9.401,85.333,154.756,206.1,269.015,812.106,877.914,911.179,804.152,653.735,444.019,235.026,32.542,0,0,0,0,0
위미2리,1,2021-04-15,0,0,0,0,0,0,17.356,151.863,351.455,586.481,763.655,838.863,726.051,551.046,412.923,300.834,344.223,209.716,39.774,0,0,0,0,0
위미2리,1,2021-04-16,0,0,0,0,0,0,20.972,157.648,355.071,550.323,698.571,797.643,814.276,720.988,595.882,438.234,180.789,41.22,0,0,0,0,0,0
위미2리,1,2021-04-17,0,0,0,0,0,0,0,0,0,0,0,0,0,0,0,0,0,0,0,0,0,0,0,0
위미2리,1,2021-04-18,0,0,0,0,0,0,0,0,0,0,0,0,0,0,0,0,0,0,0,0,0,0,0,0
위미2리,1,2021-04-19,0,0,0,0,0,0,0,0,0,532.244,744.129,833.078,859.112,837.417,764.378,638.548,456.313,222.009,41.22,0,0,0,0,0
위미2리,1,2021-04-20,0,0,0,0,0,0,23.141,161.264,397.737,593.713,733.282,815.722,847.541,824.4,756.423,626.978,386.166,190.191,41.22,0,0,0,0,0
위미2리,1,2021-04-21,0,0,0,0,0,0,33.988,190.191,353.624,404.968,564.786,820.784,750.638,816.445,682.661,588.651,406.415,193.806,32.542,0,0,0,0,0
위미2리,1,2021-04-22,0,0,0,0,0,0,30.373,168.496,356.517,444.019,610.345,626.978,702.186,694.955,365.195,410.754,277.693,148.971,20.972,0,0,0,0,0
위미2리,1,2021-04-23,0,0,0,0,0,0,10.847,44.113,109.197,272.631,407.138,676.153,842.479,820.784,747.022,454.866,261.783,47.005,0,0,0,0,0,0
위미2리,1,2021-04-24,0,0,0,0,0,0,0,0,0,0,0,0,0,0,0,0,0,0,0,0,0,0,0,0
위미2리,1,2021-04-25,0,0,0,0,0,0,0,0,0,0,0,0,0,0,0,0,0,0,0,0,0,0,0,0
위미2리,1,2021-04-26,0,0,0,0,0,0,0,0,0,529.352,709.418,833.078,875.744,856.219,775.948,648.673,454.143,223.456,41.22,0,0,0,0,0
위미2리,1,2021-04-27,0,0,0,0,0,0,31.096,183.682,309.512,250.936,355.794,514.888,600.944,648.673,497.533,256.721,92.564,44.113,5.785,0,0,0,0,0
위미2리,1,2021-04-28,0,0,0,0,0,0,28.926,138.846,237.919,313.851,443.296,188.744,252.382,666.028,457.759,266.845,330.483,104.135,7.232,0,0,0,0,0
위미2리,1,2021-04-29,0,0,0,0,0,0,20.248,82.44,235.749,560.447,722.435,801.259,824.4,785.349,740.514,619.023,434.618,214.778,49.175,0,0,0,0,0
위미2리,1,2021-04-30,0,0,0,0,0,0,32.542,158.372,401.353,602.391,743.406,827.293,862.004,840.309,753.531,615.407,429.556,162.711,15.186,0,0,0,0,0
위미2리,1,2021-05-01,0,0,0,0,0,0,27.48,169.942,330.483,514.888,687.723,701.463,862.004,735.452,720.265,357.963,429.556,272.631,65.807,0.723,0,0,0,0
위미2리,1,2021-05-02,0,0,0,0,0,0.723,40.497,181.513,423.047,626.255,576.357,874.298,915.518,888.761,805.598,658.074,467.883,232.857,47.728,0.723,0,0,0,0
위미2리,1,2021-05-03,0,0,0,0,0,0,34.712,168.496,363.025,597.328,726.051,810.66,799.813,797.643,726.774,523.566,247.32,139.569,56.406,0.723,0,0,0,0
위미2리,1,2021-05-04,0,0,0,0,0,0,13.74,33.988,85.333,118.598,36.158,33.988,44.836,23.864,1.446,0,0.723,0,0,0,0,0,0,0
위미2리,1,2021-05-05,0,0,0,0,0,0,73.762,241.534,697.124,1223.584,1498.384,1628.552,1718.224,1629.998,1478.134,1223.584,866.344,448.358,101.242,1.446,0,0,0,0
위미2리,1,2021-05-06,0,0,0,0,0,0.723,39.774,177.897,397.737,579.973,723.158,812.829,841.033,843.202,717.373,566.233,466.437,267.568,13.74,0,0,0,0,0
위미2리,1,2021-05-07,0,0,0,0,0,0,37.604,152.586,321.805,548.154,369.534,720.265,741.237,828.016,702.909,578.526,395.567,151.863,52.067,0.723,0,0,0,0
위미2리,1,2021-05-08,0,0,0,0,0,0,43.389,158.372,302.28,501.148,723.158,703.633,674.706,604.56,235.026,311.681,139.569,129.445,54.96,1.446,0,0,0,0
위미2리,1,2021-05-09,0,0,0,0,0,0.723,42.666,155.479,301.557,485.239,623.362,747.022,777.395,761.485,687.723,566.956,395.567,195.253,52.067,0.723,0,0,0,0
위미2리,1,2021-05-10,0,0,0,0,0,0,43.389,101.965,88.948,164.157,260.337,400.629,751.361,684.831,380.381,141.016,110.643,25.311,2.893,0,0,0,0,0
위미2리,1,2021-05-11,0,0,0,0,0,0,5.062,28.203,23.864,39.774,49.175,52.067,52.067,28.926,7.955,7.955,36.158,5.785,0,0,0,0,0,0
위미2리,1,2021-05-12,0,0,0,0,0,0,6.508,78.101,116.428,242.981,320.359,294.325,407.861,472.945,218.394,224.902,129.445,48.452,18.079,0,0,0,0,0
위미2리,1,2021-05-13,0,0,0,0,0,0.723,33.265,121.491,259.614,545.984,699.294,822.231,825.123,676.153,646.503,513.442,449.804,221.286,45.559,0.723,0,0,0,0
위미2리,1,2021-05-14,0,0,0,0,0,0,38.327,88.225,83.163,240.088,181.513,221.286,221.286,245.874,240.812,195.976,167.049,78.101,11.571,0,0,0,0,0
위미2리,1,2021-05-15,0,0,0,0,0,0,0.723,40.497,166.326,511.273,411.477,192.36,300.834,749.192,394.121,328.314,201.761,43.389,0,0,0,0,0,0
위미2리,1,2021-05-16,0,0,0,0,0,0,0,0,2.169,3.616,14.463,28.203,88.948,41.943,173.558,143.908,33.988,9.401,1.446,0,0,0,0,0
위미2리,1,2021-05-17,0,0,0,0,0,0,8.678,81.717,122.937,169.219,86.056,329.76,313.127,419.432,621.916,342.777,300.111,160.541,28.203,0,0,0,0,0
위미2리,1,2021-05-18,0,0,0,0,0,0,9.401,80.271,208.269,320.359,584.312,763.655,810.66,802.705,621.916,496.086,375.319,226.348,56.406,0,0,0,0,0
위미2리,1,2021-05-19,0,0,0,0,0,0.723,35.435,175.004,392.675,578.526,706.525,771.609,726.774,715.203,581.419,344.946,181.513,81.717,34.712,0.723,0,0,0,0
위미2리,1,2021-05-20,0,0,0,0,0,0,0.723,0,0.723,50.621,33.265,109.197,67.254,96.18,92.564,262.506,389.059,153.309,20.248,0.723,0,0,0,0
위미2리,1,2021-05-21,0,0,0,0,0,0.723,57.129,154.033,330.483,567.679,635.656,599.498,502.595,694.955,480.177,286.371,232.857,113.536,24.587,0.723,0,0,0,0
위미2리,1,2021-05-22,0,0,0,0,0,0.723,44.113,163.434,364.472,351.455,329.037,376.042,389.782,382.551,355.794,300.834,219.117,115.705,29.649,0.723,0,0,0,0
위미2리,1,2021-05-23,0,0,0,0,0,0.723,20.248,78.101,130.168,266.122,338.438,365.918,389.059,389.059,353.624,297.218,173.558,75.932,14.463,0,0,0,0,0
위미2리,1,2021-05-24,0,0,0,0,0,0.723,9.401,94.011,193.083,486.685,354.347,376.765,392.675,381.104,352.901,300.111,219.84,112.089,26.757,0.723,0,0,0,0
위미2리,1,2021-05-25,0,0,0,0,0,0.723,24.587,49.898,78.824,96.903,323.252,378.935,392.675,370.98,342.054,285.647,235.749,120.767,39.051,0.723,0,0,0,0
위미2리,1,2021-05-26,0,0,0,0,0,0.723,32.542,63.638,65.084,145.355,204.654,322.528,195.253,183.682,250.936,188.021,49.898,17.356,0,0,0,0,0,0
위미2리,1,2021-05-27,0,0,0,0,0,0.723,18.802,47.728,52.067,230.687,431.725,542.368,384.72,398.46,368.087,310.235,231.411,125.829,34.712,2.893,0,0,0,0
위미2리,1,2021-05-28,0,0,0,0,0,2.169,44.836,175.727,389.782,355.794,673.983,412.2,49.175,36.881,125.829,314.574,220.563,131.615,35.435,0.723,0,0,0,0
위미2리,1,2021-05-29,0,0,0,0,0,0.723,15.186,79.547,185.852,270.461,337.715,379.658,393.398,388.336,353.624,292.879,214.778,118.598,33.988,0.723,0,0,0,0
위미2리,1,2021-05-30,0,0,0,0,0,3.616,54.237,174.281,370.98,545.984,676.153,362.302,381.104,373.873,346.393,294.325,216.947,113.536,34.712,1.446,0,0,0,0
위미2리,1,2021-05-31,0,0,0,0,0,2.169,52.067,172.112,367.364,538.029,664.582,743.406,770.163,753.531,691.339,548.877,402.076,211.885,74.485,5.062,0,0,0,0
위미2리,1,2021-06-01,0,0,0,0,0,2.169,48.452,159.818,357.24,532.967,660.966,705.079,723.881,744.853,681.215,561.894,322.528,124.383,54.237,2.893,0,0,0,0
위미2리,1,2021-06-02,0,0,0,0,0,0,13.74,60.745,125.829,220.563,230.687,323.975,246.597,307.342,274.077,272.631,78.101,75.208,44.113,1.446,0,0,0,0
위미2리,1,2021-06-03,0,0,0,0,0,0,0.723,10.847,62.192,80.271,90.395,221.286,228.518,241.535,464.991,144.632,116.428,78.101,26.034,0.723,0,0,0,0
위미2리,1,2021-06-04,0,0,0,0,0,0,15.186,54.96,153.309,167.049,241.535,246.597,327.591,373.873,340.607,214.055,211.162,173.558,77.378,1.446,0,0,0,0
위미2리,1,2021-06-05,0,0,0,0,0,2.169,48.452,151.863,324.698,448.358,699.294,603.114,681.938,569.848,291.433,259.614,220.563,117.875,52.791,1.446,0,0,0,0
위미2리,1,2021-06-06,0,0,0,0,0,0.723,19.525,78.824,160.541,264.676,310.235,369.534,384.72,378.212,347.116,295.772,224.902,139.569,53.514,7.232,0,0,0,0
위미2리,1,2021-06-07,0,0,0,0,0,1.446,57.129,143.908,337.715,532.244,665.305,741.96,777.395,745.576,557.555,472.945,398.46,222.009,66.531,2.169,0,0,0,0
위미2리,1,2021-06-08,0,0,0,0,0,1.446,40.497,167.773,370.98,545.984,496.809,350.008,350.008,305.173,171.388,28.203,27.48,27.48,4.339,0.723,0,0,0,0
위미2리,1,2021-06-09,0,0,0,0,0,0.723,47.728,135.954,135.954,109.197,148.971,101.242,96.18,122.937,154.756,198.868,230.687,117.152,42.666,2.893,0,0,0,0
위미2리,1,2021-06-10,0,0,0,0,0,4.339,68.7,150.417,71.593,83.163,109.92,128.722,153.309,99.073,42.666,24.587,3.616,0,0,0,0,0,0,0
위미2리,1,2021-06-11,0,0,0,0,0,0,0.723,0.723,5.785,5.062,28.203,23.864,91.841,76.655,103.412,45.559,65.807,54.96,43.389,0.723,0,0,0,0
위미2리,1,2021-06-12,0,0,0,0,0,2.169,59.299,152.586,255.275,365.195,372.426,541.645,522.12,443.296,559.001,448.358,371.703,97.626,27.48,2.893,0,0,0,0
위미2리,1,2021-06-13,0,0,0,0,0,2.893,65.084,164.157,321.082,415.816,199.592,292.156,346.393,329.76,268.292,167.773,124.383,90.395,39.774,1.446,0,0,0,0
위미2리,1,2021-06-14,0,0,0,0,0,2.169,69.423,196.699,286.371,329.76,474.392,626.255,723.158,661.689,598.775,286.371,241.535,155.479,54.237,10.847,0,0,0,0
위미2리,1,2021-06-15,0,0,0,0,0,0,1.446,12.294,7.232,36.158,83.163,62.915,34.712,37.604,38.327,22.418,0.723,7.955,4.339,0,0,0,0,0
위미2리,1,2021-06-16,0,0,0,0,0,0,15.186,54.237,104.858,102.688,128.722,117.152,233.58,228.518,146.801,94.011,52.791,27.48,4.339,0,0,0,0,0
위미2리,1,2021-06-17,0,0,0,0,0,0,2.169,15.909,42.666,76.655,73.039,141.016,232.857,193.083,136.677,86.779,66.531,35.435,4.339,0,0,0,0,0
위미2리,1,2021-06-18,0,0,0,0,0,0,1.446,23.864,56.406,99.796,264.676,318.189,312.404,70.869,70.869,62.915,60.022,18.079,4.339,0,0,0,0,0
위미2리,1,2021-06-19,0,0,0,0,0,1.446,54.237,138.846,276.969,546.707,462.821,365.918,374.596,365.918,539.476,492.471,412.2,213.332,72.316,10.847,0,0,0,0
위미2리,1,2021-06-20,0,0,0,0,0,2.169,39.774,167.773,381.104,534.414,553.939,733.282,781.011,758.593,700.74,403.522,285.647,244.427,66.531,1.446,0,0,0,0
위미2리,1,2021-06-21,0,0,0,0,0,5.062,52.791,173.558,367.364,540.922,676.153,716.649,744.129,733.282,652.288,572.018,425.94,222.733,72.316,7.955,0,0,0,0
위미2리,1,2021-06-22,0,0,0,0,0,0.723,38.327,129.445,189.467,390.505,666.028,736.175,783.18,760.762,689.893,583.588,417.985,221.286,71.593,10.847,0,0,0,0
위미2리,1,2021-06-23,0,0,0,0,0,2.169,54.237,157.648,298.664,224.179,191.637,112.813,59.299,40.497,51.344,62.192,77.378,70.869,22.418,0.723,0,0,0,0
위미2리,1,2021-06-24,0,0,0,0,0,3.616,60.745,169.219,315.297,209.716,288.54,262.506,219.117,62.915,143.185,65.084,41.943,41.943,35.435,1.446,0,0,0,0
위미2리,1,2021-06-25,0,0,0,0,0,0,32.542,130.168,169.942,323.975,462.821,556.108,462.821,466.437,509.826,364.472,288.54,103.412,31.819,1.446,0,0,0,0
위미2리,1,2021-06-26,0,0,0,0,0,0,2.893,48.452,111.366,137.4,141.739,316.02,286.371,151.14,308.788,413.646,300.834,103.412,30.373,2.169,0,0,0,0
위미2리,1,2021-06-27,0,0,0,0,0,0,16.633,102.688,184.405,275.523,475.115,484.516,603.837,591.543,553.939,479.454,242.981,130.892,47.005,5.785,0,0,0,0
위미2리,1,2021-06-28,0,0,0,0,0,0.723,44.113,130.892,237.196,368.811,480.177,485.239,492.471,499.702,550.323,531.521,353.624,237.196,91.841,5.785,0,0,0,0
위미2리,1,2021-06-29,0,0,0,0,0,1.446,41.22,144.632,194.529,249.489,347.839,491.024,462.098,496.086,452.697,424.494,285.647,185.852,85.333,5.062,0,0,0,0
위미2리,1,2021-06-30,0,0,0,0,0,0.723,40.497,146.801,236.473,235.749,443.296,461.375,455.589,345.669,370.257,488.855,308.788,219.117,71.593,4.339,0,0,0,0
위미2리,1,2021-07-01,0,0,0,0,0,0.723,41.22,125.106,341.331,496.809,641.441,703.633,760.762,747.745,713.757,592.989,383.997,239.365,79.547,5.785,0,0,0,0
위미2리,1,2021-07-02,0,0,0,0,0,0.723,36.881,74.485,101.242,139.569,105.581,66.531,95.457,91.118,69.423,99.796,62.192,28.203,13.74,0,0,0,0,0
위미2리,1,2021-07-03,0,0,0,0,0,0,0,0,2.169,16.633,14.463,24.587,37.604,33.265,23.864,5.785,2.893,0,0,0,0,0,0,0
위미2리,1,2021-07-04,0,0,0,0,0,0,4.339,4.339,101.965,193.806,39.774,39.774,80.271,33.988,82.44,88.948,34.712,1.446,0.723,0,0,0,0,0
위미2리,1,2021-07-05,0,0,0,0,0,0,2.893,57.129,127.999,158.372,202.484,273.354,195.976,127.276,101.965,52.791,26.757,4.339,0.723,0,0,0,0,0
위미2리,1,2021-07-06,0,0,0,0,0,0,23.141,161.987,156.925,89.672,80.271,122.214,176.451,115.705,100.519,52.791,54.96,20.248,2.169,0,0,0,0,0
위미2리,1,2021-07-07,0,0,0,0,0,0,0,7.955,11.571,46.282,3.616,25.311,130.892,84.609,20.248,5.785,5.785,2.169,1.446,0,0,0,0,0
위미2리,1,2021-07-08,0,0,0,0,0,0,0.723,15.909,36.158,39.051,32.542,69.423,380.381,412.2,224.179,139.569,59.299,45.559,35.435,0.723,0,0,0,0
위미2리,1,2021-07-09,0,0,0,0,0,0,16.633,65.807,262.506,224.179,346.393,527.182,692.062,726.051,608.899,543.092,0,0,0,11.571,0,0,0,0
위미2리,1,2021-07-10,0,0,0,0,0,0,25.311,138.123,235.749,193.083,250.936,419.432,491.747,605.283,255.275,472.222,424.494,229.241,75.208,2.893,0,0,0,0
위미2리,1,2021-07-11,0,0,0,0,0,0,3.616,19.525,76.655,150.417,341.331,259.614,511.273,648.673,535.86,457.036,334.099,109.197,52.067,1.446,0,0,0,0
위미2리,1,2021-07-12,0,0,0,0,0,3.616,63.638,130.168,336.268,429.556,497.533,324.698,303.726,617.577,409.307,305.173,286.371,212.608,73.762,13.74,0,0,0,0
위미2리,1,2021-07-13,0,0,0,0,0,0.723,41.22,117.152,242.258,250.213,501.872,295.048,339.161,222.733,399.906,167.773,118.598,44.836,14.463,1.446,0,0,0,0
위미2리,1,2021-07-14,0,0,0,0,0,0,51.344,132.338,213.332,272.631,233.58,261.06,313.127,228.518,276.969,223.456,336.992,147.524,81.717,5.062,0,0,0,0
위미2리,1,2021-07-15,0,0,0,0,0,0,29.649,90.395,157.648,310.235,472.945,518.504,736.898,726.774,673.26,553.939,355.794,210.439,73.039,10.847,0,0,0,0
위미2리,1,2021-07-16,0,0,0,0,0,0,32.542,133.784,257.444,230.687,380.381,325.421,404.968,343.5,383.997,488.132,236.473,161.987,55.683,6.508,0,0,0,0
위미2리,1,2021-07-17,0,0,0,0,0,0,47.728,179.343,278.416,471.499,476.561,504.764,471.499,600.221,484.516,397.014,226.348,205.377,80.994,7.955,0,0,0,0
위미2리,1,2021-07-18,0,0,0,0,0,0,0,0,0,0,0,0,0,0,0,0,0,0,0,0,0,0,0,0
위미2리,1,2021-07-19,0,0,0,0,0,0,11.571,70.869,198.145,302.28,483.069,408.584,576.357,645.057,461.375,426.663,444.019,235.026,67.977,3.616,0,0,0,0
위미2리,1,2021-07-20,0,0,0,0,0,0,38.327,100.519,211.162,405.692,483.069,347.839,402.799,599.498,637.102,535.86,347.839,216.224,83.163,3.616,0,0,0,0
위미2리,1,2021-07-21,0,0,0,0,0,0,24.587,138.846,294.325,411.477,264.676,621.193,764.378,736.175,711.587,601.667,365.195,265.399,80.994,4.339,0,0,0,0
위미2리,1,2021-07-22,0,0,0,0,0,0,22.418,118.598,255.998,423.047,527.905,634.933,686.277,737.621,647.949,569.125,405.692,130.168,105.581,9.401,0,0,0,0
위미2리,1,2021-07-23,0,0,0,0,0,0.723,23.864,75.208,166.326,235.749,290.709,314.574,232.857,0,0,0,0,0,0,0,0,0,0,0
위미2리,1,2021-07-24,0,0,0,0,0,0,0,0,0,0,0,0,0,0,0,0,0,0,0,0,0,0,0,0
위미2리,1,2021-07-25,0,0,0,0,0,0,0,0,0,0,0,0,0,0,0,0,0,0,0,0,0,0,0,0
위미2리,1,2021-07-26,0,0,0,0,0,0,0,0,0,0,26.757,112.089,106.304,115.705,87.502,72.316,65.807,81.717,41.943,1.446,0,0,0,0
위미2리,1,2021-07-27,0,0,0,0,0,0,33.265,108.474,245.874,468.606,298.664,586.481,661.689,553.939,634.209,553.216,416.539,216.947,73.039,1.446,0,0,0,0
위미2리,1,2021-07-28,0,0,0,0,0,0,20.248,112.813,265.399,289.263,497.533,661.689,673.26,637.825,612.515,501.148,399.906,261.783,71.593,0.723,0,0,0,0
위미2리,1,2021-07-29,0,0,0,0,0,0.723,39.051,122.937,244.427,423.047,440.403,683.384,603.114,615.407,608.899,531.521,223.456,147.524,43.389,2.893,0,0,0,0
위미2리,1,2021-07-30,0,0,0,0,0,0,10.847,115.705,297.941,371.703,399.183,254.552,96.18,36.881,55.683,61.468,35.435,11.571,1.446,0,0,0,0,0
위미2리,1,2021-07-31,0,0,0,0,0,0,2.893,22.418,208.269,209.716,203.931,297.218,235.749,262.506,239.365,162.711,50.621,156.202,75.932,4.339,0,0,0,0
